No,기관명,기관유형,주무부처,설립일,기관장,기관장 임기,소재지,주소,홈페이지,상위기관,x,y
1.0,(사)남북교류협력지원협회,기타공공기관,통일부,20070518.0,정낙근,20230106-20260105,서울특별시,"서울특별시 중구 퇴계로 97, 601호",www.sonosa.or.kr,-,126.982545572081,37.5609575542822
2.0,(재)APEC기후센터,기타공공기관,기상청,20050609.0,신도식,20220314-20250313,부산광역시,부산광역시 해운대구 센텀7로 12,www.apcc21.org,-,129.125508247585,35.1739753630723
3.0,(재)예술경영지원센터,기타공공기관,문화체육관광부,20060112.0, 공석,-,서울특별시,"서울특별시 종로구 대학로57(연건동) 홍익대학교 대학로캠퍼스 교육동 3층, 12층",www.gokams.or.kr,-,127.001450046714,37.5765585834389
4.0,(재)우체국금융개발원,준정부기관(위탁집행형),과학기술정보통신부,19660430.0,유대선,20210225-20240224,서울특별시,서울특별시 영등포구 선유동2로 6(당산동4가),www.posid.or.kr,-,126.894945120093,37.5296611424917
5.0,(재)우체국물류지원단,준정부기관(위탁집행형),과학기술정보통신부,19800826.0,변주용,20211126-20241125,서울특별시,서울특별시 광진구 자양로 76,http://www.pola.or.kr,-,127.087306725694,37.5356010287361
6.0,(재)우체국시설관리단,기타공공기관,과학기술정보통신부,20001123.0,최정호,20230503-20260502,서울특별시,"서울특별시 광진구 강변역로 2(구의동, 우체국시설관리단)",http://www.poma.or.kr,-,127.089961052081,37.5377539588105
7.0,(재)일제강제동원피해자지원재단,기타공공기관,행정안전부,20140603.0,심규선,20211025-20240907,서울특별시,서울특별시 종로구 종로1길 42(이마빌딩 6층),https://www.fomo.or.kr/,-,126.978983502911,37.5739029320481
8.0,(재)축산환경관리원,기타공공기관,농림축산식품부,20150508.0,문홍길,20221128-20251127,세종특별자치시,"세종특별자치시 한누리대로 219, 6~7층(나성동, 한림프라자)",https://www.lemi.or.kr,-,127.25901275714,36.4841833246422
9.0,(재)한국보건의료정보원,기타공공기관,보건복지부,20190924.0,임근찬,20200228-20240227,서울특별시,서울특별시 중구 칠패로 36,www.k-his.or.kr,-,126.972887551867,37.5593962860367
10.0,(재)한국우편사업진흥원,기타공공기관,과학기술정보통신부,19301203.0,송관호,20230818-20260817,서울특별시,서울특별시 영등포구 영중로83,www.posa.or.kr,-,126.904910932663,37.5237515374083
11.0,(재)한국통계정보원,기타공공기관,통계청,20110324.0,최정수,20230501-20230501,대전광역시,"대전광역시 서구 둔산대로 117번길 18, 6층(만년동, 거상빌딩)",https://www.kosii.or.kr,-,127.382571357216,36.365726078326
12.0,(주)강원랜드,공기업(시장형),산업통상자원부,19980629.0, 공석,-,강원도,강원도 정선군 사북읍 하이원길 265, https://kangwonland.high1.com,-,128.82171779524,37.2120533263011
13.0,(주)공영홈쇼핑,기타공공기관,중소벤처기업부,20150305.0,조성호,20210910-20240909,서울특별시,서울특별시 마포구 상암산로 34 (상암동), www.gongyoung.kr,-,126.889239900296,37.5762102049855
14.0,(주)한국가스기술공사,공기업(준시장형),산업통상자원부,19930527.0, 공석,-,대전광역시,대전광역시 유성구 대덕대로 1227,www.kogas-tech.or.kr,-,127.390239398419,36.4363966603409
15.0,88관광개발(주),기타공공기관,국가보훈부,19870730.0, 공석,-,경기도,경기도 용인시 기흥구 석성로521번길 169,www.88countryclub.co.kr,-,127.160462250868,37.306732671299
16.0,가축위생방역지원본부,기타공공기관,농림축산식품부,20030627.0,위성환,20211210-20241209,세종특별자치시,세종특별자치시 아름서길 21,https://www.lhca.or.kr,-,127.242778870418,36.5136035264296
17.0,강릉원주대학교치과병원,기타공공기관,교육부,19970507.0,박찬진,20220908-20250907,강원도,강원도 강릉시 죽헌길 7,http://www.gwnudh.or.kr,-,128.870217435979,37.7657331772579
18.0,강원대학교병원,기타공공기관,교육부,20000518.0,남우동,20210730-20240729,강원도,강원도 춘천시 백령로 156,http://www.knuh.or.kr/,-,127.745011033429,37.8757750717447
19.0,건강보험심사평가원,준정부기관(위탁집행형),보건복지부,20000701.0,강중구,20230313-20260312,강원도,강원도 원주시 혁신로 60(반곡동),www.hira.or.kr,-,127.980512266307,37.3224851886329
20.0,건설근로자공제회,기타공공기관,고용노동부,19971209.0,김상인,20221125-20251124,서울특별시,서울특별시 중구 남대문로 109,https://www.cw.or.kr,-,126.982247152887,37.5669858059331
21.0,건축공간연구원,기타공공기관,국무조정실,20201120.0,이영범,20211005-20241004,세종특별자치시,"세종특별자치시 가름로 143, KT&G세종타워B 7~9층",https://www.auri.re.kr/,-,127.256327651405,36.4990822723889
22.0,게임물관리위원회,기타공공기관,문화체육관광부,20131223.0,김규철,20210730-20240729,부산광역시,"부산광역시 부산광역시 해운대구 센텀서로39(우동) 영상산업센터 1,2층",www.grac.or.kr,-,129.126629137954,35.1722863957186
23.0,경북대학교병원,기타공공기관,교육부,19070210.0,양동헌,20230918-20260917,대구광역시,대구광역시 중구 동덕로 130,http://knuh.kr,-,128.604702568416,35.8662511316347
24.0,경북대학교치과병원,기타공공기관,교육부,20160601.0,권대근,20220125-20250124,대구광역시,대구광역시 중구 달구벌대로 2175,www.knudh.kr,-,128.60139451422,35.8638985133262
25.0,경상국립대학교병원,기타공공기관,교육부,19870221.0,안 성 기,20230420-20260419,경상남도,경상남도 진주시 강남로 79,http://www.gnuh.co.kr/,-,128.096492410171,35.1759944007332
26.0,경제인문사회연구회,기타공공기관,국무조정실,19990315.0,신동천,20240304-20270303,세종특별자치시,"세종특별자치시 시청대로 370(반곡동, 세종국책연구단지) 연구지원동(A) 3,4,8,9층",www.nrc.re.kr,-,127.304482409755,36.4959005735933
27.0,공간정보품질관리원,기타공공기관,국토교통부,20191127.0,남일석,20211005-20241004,서울특별시,"서울특별시 영등포구 양산로 91, 1209호, 1404호(당산동 3가, 리드원센터)",www.siqms.or.kr ,-,126.893131097724,37.5250008864644
28.0,공무원연금공단,준정부기관(기금관리형),인사혁신처,19820201.0,김동극,20230818-20260817,제주특별자치도,제주특별자치도 서귀포시 서호중앙로 63,https://www.geps.or.kr,-,126.518614379686,33.2536692363329
29.0,과학기술사업화진흥원,기타공공기관,과학기술정보통신부,20121231.0,김봉수,20220117-20250116,서울특별시,"서울특별시 강서구 양천로 570(NH서울타워) 17층, 20층",https://www.compa.re.kr,-,126.862011051085,37.5567302905501
30.0,과학기술정책연구원,기타공공기관,국무조정실,19870105.0, 공석,-,세종특별자치시,"세종특별자치시 시청대로 370 세종국책연구단지 과학·인프라동(B동) 5, 6, 7층, 연구지원동(A동) 3층",www.stepi.re.kr,-,127.304482409755,36.4959005735933
31.0,국가생명윤리정책원,기타공공기관,보건복지부,20111227.0,홍창권,20240408-20270407,서울특별시,"서울특별시 서울특별시 광진구 능동로 400, 별관 2층 국가생명윤리정책원(중곡동, 보건복지행정타운)",https://www.nibp.kr,-,127.08445683899,37.5650580830652
32.0,국가유산진흥원,기타공공기관,국가유산청,19800401.0,최영창,20210510-20240509,서울특별시,서울특별시 강남구 봉은사로 406(삼성동),www.kh.or.kr,-,127.044624837573,37.5100930706802
33.0,국가철도공단,준정부기관(위탁집행형),국토교통부,20040101.0,이성해,20240219-20270218,대전광역시,대전광역시 대전광역시 동구 중앙로 242,https://www.kr.or.kr,-,127.436493879664,36.3310054889762
34.0,국가평생교육진흥원,기타공공기관,교육부,20080215.0, 공석,-,서울특별시,서울특별시 중구 청계천로 14(무교동 77번지),www.nile.or.kr,-,126.978817526558,37.5687892140435
35.0,국립공원공단,준정부기관(위탁집행형),환경부,19870701.0,송형근,20210125-20240124,강원도,강원도 원주시 혁신로 22(반곡동),www.knps.or.kr,-,127.976704931245,37.3238242077259
36.0,국립광주과학관,기타공공기관,과학기술정보통신부,20130723.0,이정구,20231222-20261221,광주광역시,광주광역시 북구 첨단과기로 235(오룡동 1-6번지),www.sciencecenter.or.kr,-,126.849870484009,35.2299078085943
37.0,국립낙동강생물자원관,기타공공기관,환경부,20150603.0,유호,20211227-20241226,경상북도,경상북도 상주시 도남2길 137 국립낙동강생물자원관,https://www.nnibr.re.kr,-,128.255415511716,36.4455919580711
38.0,국립대구과학관,기타공공기관,과학기술정보통신부,20130624.0, 공석,-,대구광역시,대구광역시 달성군 유가면 테크노대로 6길 20,www.dnsm.or.kr,-,128.465761685912,35.6866551363345
39.0,국립박물관문화재단,기타공공기관,문화체육관광부,20040720.0,김용삼,20210219-20240218,서울특별시,서울특별시 용산구 서빙고로 137,www.nmf.or.kr,-,126.977740246542,37.5247022357875
40.0,국립부산과학관,기타공공기관,과학기술정보통신부,20150713.0, 공석,-,부산광역시,부산광역시 기장군 기장읍 동부산관광6로59,http://www.sciport.or.kr,-,129.212599859203,35.2044215776897
41.0,국립생태원,준정부기관(위탁집행형),환경부,20131028.0,조도순,20210923-20240922,충청남도,충청남도 서천군 마서면 금강로 1210 국립생태원,http://www.nie.re.kr,-,126.720112456855,36.0369713217657
42.0,국립암센터,기타공공기관,보건복지부,20000322.0,서홍관,20210101-20231231,경기도,경기도 고양시 일산동구 일산로 323,www.ncc.re.kr.,-,126.783397658661,37.6632271940872
43.0,국립중앙의료원,기타공공기관,보건복지부,20100402.0,주영수,20220123-20250122,서울특별시,서울특별시 서울특별시 중구 을지로 245,www.nmc.or.kr,-,127.005484601979,37.5677264605676
44.0,국립항공박물관,기타공공기관,국토교통부,20191223.0,안태현,20220119-20250118,서울특별시,서울특별시 강서구 하늘길 177(공항동),www.aviation.or.kr,-,126.80887234623,37.5568697658909
45.0,국립해양과학관,기타공공기관,해양수산부,20200520.0,김외철,20231120-20261119,경상북도,경상북도 울진군 죽변면 해양과학길 8, www.kosm.or.kr,-,129.409901418533,37.0726927011071
46.0,국립해양박물관,기타공공기관,해양수산부,20120709.0,김종해,20240304-20270303,부산광역시,부산광역시 영도구 해양로 301번길 45,www.mmk.or.kr,-,129.080244864532,35.0785634152872
47.0,국립해양생물자원관,기타공공기관,해양수산부,20150420.0,최완현,20211115-20241114,충청남도,충청남도 서천군 장항읍 장산로 101번길 75,www.mabik.re.kr,-,126.669820609361,36.0172449848086
48.0,국립호남권생물자원관,기타공공기관,환경부,20200821.0,류태철,20200824-20230823,전라남도,전라남도 목포시 고하도안길 99,http://hnibr.re.kr,-,126.366367592686,34.7669792335442
49.0,국민건강보험공단,준정부기관(위탁집행형),보건복지부,20000701.0,정기석,20230710-20260709,강원도,"강원도 원주시 건강로 32(반곡동, 국민건강보험공단)",www.nhis.or.kr,-,127.986303020393,37.3246775683959
50.0,국민연금공단,준정부기관(기금관리형),보건복지부,19870918.0,김태현,20220901-20250831,전라북도,전라북도 전주시 덕진구 기지로 180(만성동),www.nps.or.kr,-,127.072179366121,35.8372979990082
51.0,국방과학연구소,기타공공기관,방위사업청,19700806.0,이건완,20240429-20270428,대전광역시,대전광역시 대전광역시 유성구 유성우체국 사서함 35호,www.add.re.kr,-,127.343653868081,36.3556596421486
52.0,국방기술품질원,기타공공기관,방위사업청,20060206.0,허건영,20210407-20240406,경상남도,경상남도 52851 경상남도 진주시 동진로 420(충무공동) 국방기술품질원,www.dtaq.re.kr,-,127.147133,37.365418
53.0,국방전직교육원,기타공공기관,국방부,20150101.0,김성호,20210701-20240630,경기도,경기도 성남시 수정구 위례대로 83(창곡동),www.moti.or.kr,-,127.143108,37.468006
54.0,국제방송교류재단,기타공공기관,문화체육관광부,19960410.0, 공석,-,서울특별시,서울특별시 서울 서초구 남부순환로 2351,https://www.arirang.com,-,127.008047253555,37.479126769477
55.0,국제식물검역인증원,기타공공기관,농림축산식품부,20120222.0,최병국,20220224-20250223,부산광역시,부산광역시 남구 문현금융로 40 부산국제금융센터 903호, www.ipab.or.kr,-,129.065854840531,35.1464917263976
56.0,국토교통과학기술진흥원,기타공공기관,국토교통부,20021230.0,박승기,20211210-20241209,경기도,"경기도 안양시 동안구 시민대로 286 송백빌딩 2~7층, 9층",www.kaia.re.kr,-,126.962263976722,37.3945828565513
57.0,국토안전관리원,준정부기관(위탁집행형),국토교통부,20201210.0,김일환,20220224-20250223,경상남도,경상남도 진주시 에나로128번길 24 윤현빌딩,http://www.kalis.or.kr,-,128.144055143424,35.1757740181755
58.0,국토연구원,기타공공기관,국무조정실,19781004.0,심교언,20230824-20260823,세종특별자치시,세종특별자치시 국책연구원로 5(반곡동),http://www.krihs.re.kr,-,127.300535492668,36.4916000833274
59.0,그랜드코리아레저(주),공기업(준시장형),문화체육관광부,20050906.0,김영산,20210901-20240831,서울특별시,서울특별시 강남구 삼성로 610,www.grandkorea.com,-,127.053154771177,37.5141075683146
60.0,근로복지공단,준정부기관(기금관리형),고용노동부,19950501.0,박종길,20230530-20260529,울산광역시,울산광역시 중구 종가로 340(교동),www.comwel.or.kr,-,129.314264667457,35.5639402354994
61.0,기술보증기금,준정부기관(기금관리형),중소벤처기업부,19890401.0,김종호,20211108-20241107,부산광역시,부산광역시 남구 문현금융로 33,www.kibo.or.kr,-,129.064096646802,35.1462045821995
62.0,기초과학연구원,기타공공기관,과학기술정보통신부,20111121.0,노도영,20191122-20241121,대전광역시,대전광역시 대전광역시 유성구 엑스포로 55,http://www.ibs.re.kr,-,127.384467883076,36.3802324552677
63.0,노사발전재단,기타공공기관,고용노동부,20070405.0,김대환,20230317-20260316,서울특별시,"서울특별시 마포구 마포대로 130(공덕동) 6,8,10층",https://www.nosa.or.kr,-,126.952989325371,37.5459729185296
64.0,농림수산식품교육문화정보원,기타공공기관,농림축산식품부,20120523.0,이종순,20211206-20241205,세종특별자치시,세종특별자치시 국책연구원5로 19,www.epis.or.kr,-,127.305638076108,36.4929843637474
65.0,농림식품기술기획평가원,기타공공기관,농림축산식품부,20091002.0,노수현,20220311-20250310,전라남도,전라남도 나주시 교육길 45,http://www.ipet.re.kr,-,126.782765524951,35.0207354673936
66.0,농업정책보험금융원,기타공공기관,농림축산식품부,20040519.0,서해동,20230710-20260709,서울특별시,"서울특별시 영등포구 여의공원로 101, 2층 201호(여의도동, C.C.M.M.빌딩)",www.apfs.kr,-,126.924892738645,37.5292719570904
67.0,대구경북첨단의료산업진흥재단,기타공공기관,보건복지부,20101214.0,양진영,20210817-20240816,대구광역시,대구광역시 동구 동내로88,https://www.kmedihub.re.kr,-,128.736127636075,35.8786413247675
68.0,대외경제정책연구원,기타공공기관,국무조정실,19891229.0,이시욱,20230720-20260719,세종특별자치시,세종특별자치시  시청대로 370 세종국책연구단지 경제정책동,https://www.kiep.go.kr/,-,127.304482409755,36.4959005735933
69.0,대한무역투자진흥공사,준정부기관(위탁집행형),산업통상자원부,19620621.0,유정열,20210520-20240519,서울특별시,서울특별시 서초구 헌릉로 13 (염곡동),http://www.kotra.or.kr,-,127.044751260473,37.4651225448311
70.0,대한법률구조공단,기타공공기관,법무부,19870901.0, 이종엽,20230906-20260905,경상북도,경상북도 김천시 혁신2로 26,https://www.klac.or.kr,-,128.182937293383,36.1162007568943
71.0,대한석탄공사,공기업(준시장형),산업통상자원부,19501101.0,원경환,20211109-20241108,강원도,강원도 원주시 배울로 85(반곡동),www.kocoal.or.kr,-,127.977515588192,37.324976917028
72.0,대한장애인체육회,기타공공기관,문화체육관광부,20051125.0,정진완,20210225-20250226,서울특별시,서울특별시 송파구 올림픽로 424 올림픽회관 신관,http://www.koreanpc.kr,-,127.115517876627,37.5203396980951
73.0,대한적십자사,기타공공기관,보건복지부,19051027.0,김철수,20230816-20260815,강원도,강원도 원주시 혁신로 50,https://www.redcross.or.kr,-,127.978566980735,37.3230281971325
74.0,대한체육회,기타공공기관,문화체육관광부,19200713.0,이기흥,20210219-20210219,서울특별시,서울특별시 송파구 올림픽로 424 올림픽회관 ,www.sports.or.kr,-,127.115517876627,37.5203396980951
75.0,도로교통공단,준정부기관(위탁집행형),경찰청,19540212.0, 공석,-,강원도,강원도 원주시 혁신로 2(반곡동),www.koroad.or.kr,-,127.97535913134,37.3244992551977
76.0,독립기념관,기타공공기관,국가보훈부,19860820.0,한시준,20210122-20240121,충청남도,충청남도 천안시 동남구 목천읍 독립기념관로1,www.i815.or.kr,-,127.230398111736,36.7818719998049
77.0,동북아역사재단,기타공공기관,교육부,20060922.0,박지향,20231229-20261228,서울특별시,서울특별시 서대문구 통일로 81 NH농협생명빌딩,www.nahf.or.kr,-,126.968600545721,37.5623619358613
78.0,민주화운동기념사업회,기타공공기관,행정안전부,20011112.0,이재오,20230727-20260704,경기도,경기도 의왕시 내손순환로 132,https://www.kdemo.or.kr/,-,126.985703571987,37.386438982688
79.0,부산대학교병원,기타공공기관,교육부,19561101.0,정성운,20230120-20260119,부산광역시,부산광역시 서구 구덕로 179,http://www.pnuh.or.kr,-,129.019244318359,35.1011288801696
80.0,부산대학교치과병원,기타공공기관,교육부,20110901.0,김현철,20231023-20261022,경상남도,경상남도 양산시 물금읍 금오로 20,www.pnudh.co.kr,-,129.00646584936,35.3287866322669
81.0,부산항만공사,기타공공기관,해양수산부,20040116.0,강준석,20210930-20240929,부산광역시,부산광역시 중구 대교로 122(중앙동 6가),http://www.busanpa.com,-,129.038596314194,35.100957110055
82.0,북한이탈주민지원재단,기타공공기관,통일부,20100927.0,조민호,20230328-20260327,서울특별시,"서울특별시  마포구 새창로7 (서울대총동창회장학빌딩) 4층, 5층, 14층", www.koreahana.or.kr,-,126.950923973719,37.5424795347233
83.0,사립학교교직원연금공단,기타공공기관,교육부,19740111.0,송하중,20230701-20260630,전라남도,전라남도 나주시 문화로 245,www.tp.or.kr,-,126.784232394072,35.0207590862388
84.0,산업연구원,기타공공기관,국무조정실,19760107.0,주현,20210614-20240613,세종특별자치시,세종특별자치시 시청대로 370(반곡동) 세종국책연구단지 경제정책동 8~12F,https://www.kiet.re.kr/,-,127.304482409755,36.4959005735933
85.0,새만금개발공사,기타공공기관,국토교통부,20180921.0,나경균,20240318-20270317,전라북도,전라북도 군산시 새만금북로 466,sdco.or.kr,-,126.584957333729,35.9470077426119
86.0,서민금융진흥원,기타공공기관,금융위원회,20160923.0,이재연,20220103-20250102,서울특별시,서울특별시 중구 세종대로 14 그랜드센트럴,www.kinfa.or.kr,-,126.9744151,37.5578385325826
87.0,서울대학교병원,기타공공기관,교육부,19780715.0,김영태,20230306-20260305,서울특별시,서울특별시 종로구 대학로 101,http://snuh.org,-,126.997196437908,37.5804523853297
88.0,서울대학교치과병원,기타공공기관,교육부,20040901.0,이용무,20230424-20260423,서울특별시,서울특별시 종로구 대학로 101(연건동),http://www.snudh.org,-,126.997196437908,37.5804523853297
89.0,서울올림픽기념국민체육진흥공단,준정부기관(기금관리형),문화체육관광부,19890420.0,조현재,20210222-20240221,서울특별시,"서울특별시 송파구 올림픽로 424(방이동, 올림픽회관)",www.kspo.or.kr,-,127.115517876627,37.5203396980951
90.0,세종학당재단,기타공공기관,문화체육관광부,20121024.0,이해영,20210928-20240927,서울특별시,서울특별시 서포구 반포대로 22 서초평화빌딩,http://www.ksif.or.kr,-,127.012703271873,37.4828043695941
91.0,소상공인시장진흥공단,준정부기관(기금관리형),중소벤처기업부,20140101.0,박성효,20220715-20250714,대전광역시,"대전광역시 중구 보문로 246 대림빌딩 2, 3, 5, 11, 16층",www.semas.or.kr,-,127.422864348453,36.324609359881
92.0,수도권매립지관리공사,기타공공기관,환경부,20000722.0,송병억,20230801-20260731,인천광역시,인천광역시  서구 자원순환로 170(백석동),http://www.slc.or.kr,-,126.648113116043,37.5730905963004
93.0,시청자미디어재단,기타공공기관,방송통신위원회,20150515.0,조한규,20210217-20240216,서울특별시,서울특별시 영등포구 국회대로 74길 4,www.kcmf.or.kr,-,126.920600446264,37.5305499227553
94.0,식품안전정보원,기타공공기관,식품의약품안전처,20090625.0,이재용,20240401-20270331,서울특별시,"서울특별시 중구 소공로 70, 포스트타워 A동 12, 13층", http://www.foodinfo.or.kr/,-,126.982169090151,37.5615987374058
95.0,신용보증기금,준정부기관(기금관리형),금융위원회,19760601.0,최원목,20220829-20250828,대구광역시,대구광역시 동구 첨단로 7(신서동),http://www.kodit.co.kr,-,128.72871955143,35.8772868459725
96.0,신용보증재단중앙회,기타공공기관,중소벤처기업부,20000807.0,이상훈,20210823-20240822,대전광역시,"대전광역시 서구 한밭대로 713, 나라키움대전센터 12~15층",http://www.koreg.or.kr,-,127.378572517693,36.3586859637894
97.0,아동권리보장원,기타공공기관,보건복지부,20190716.0,정익중,20230417-20260416,서울특별시,"서울특별시 종로구 삼봉로 71, 지하1층, 5층 일부, 6층, 7층(수송동, 지타워)",www.ncrc.or.kr,-,126.981114262989,37.5726674875411
98.0,에너지경제연구원,기타공공기관,국무조정실,19860901.0,김현제,20230622-20260621,울산광역시,울산광역시 중구 종가로 405-11(성안동), www.keei.re.kr,-,129.319513927601,35.5678380206145
99.0,여수광양항만공사,기타공공기관,해양수산부,20110819.0,박성현,20211220-20241219,전라남도,전라남도 광양시 항만대로 465(여수광양항만공사),www.ygpa.or.kr,-,127.65882804796,34.9065025967045
100.0,연구개발특구진흥재단,기타공공기관,과학기술정보통신부,20050901.0,강병삼,20210305-20240304,대전광역시,"대전광역시 유성구 엑스포로 123번길 27-5, 연구개발특구진흥재단",https://www.innopolis.or.kr,-,127.393066762831,36.375211986604
101.0,영상물등급위원회,기타공공기관,문화체육관광부,19990607.0,김병재,20240522-20270425,부산광역시,"부산광역시 해운대구 센텀서로 39 영상산업센터 1, 3층",www.kmrb.or.kr,-,129.126629137954,35.1722863957186
102.0,영화진흥위원회,기타공공기관,문화체육관광부,19730403.0, 공석,-,부산광역시,부산광역시 해운대구 수영강변대로 130,www.kofic.or.kr,-,129.125877073873,35.1719550037294
103.0,예금보험공사,준정부기관(기금관리형),금융위원회,19960601.0,유재훈,20221111-20251110,서울특별시,서울특별시 중구 청계천로 30,www.kdic.or.kr,-,126.98080425301,37.5685296165596
104.0,예술의전당,기타공공기관,문화체육관광부,19870107.0,장형준,20220617-20250616,서울특별시,서울특별시 서초구 남부순환로 2406,www.sac.or.kr,-,127.014215239186,37.4802401962069
105.0,오송첨단의료산업진흥재단,기타공공기관,보건복지부,20101215.0,차상훈,20210503-20240502,충청북도,충청북도 청주시 흥덕구 오송읍 오송생명로 123,www.kbiohealth.kr,-,127.324631636233,36.6354044865356
106.0,울산항만공사,기타공공기관,해양수산부,20070705.0,김재균,20210827-20240826,울산광역시,울산광역시 남구 장생포고래로 271 울산항 마린센터,www.upa.or.kr,-,129.382840549441,35.504734507947
107.0,의료기관평가인증원,기타공공기관,보건복지부,20200905.0,오태윤,20240422-20270421,서울특별시,서울특별시 영등포구 국회대로 76길 10(여의도동) 10층,www.koiha.or.kr,-,126.921557576182,37.5306561597093
108.0,인천국제공항공사,공기업(시장형),국토교통부,19990201.0,이학재,20230619-20260618,인천광역시,인천광역시 중구 공항로 424번길 47,http://www.airport.kr ,-,126.461333677371,37.4403944092737
109.0,인천항만공사,기타공공기관,해양수산부,20050711.0,이경규,20230515-20260514,인천광역시,"인천광역시 연수구 센트럴로 263, IBS타워 31~35층",https://icpa.or.kr,-,126.633942580219,37.3980385655944
110.0,재단법인 건설기술교육원,기타공공기관,국토교통부,19780418.0,권대철,20230911-20260910,인천광역시,인천광역시 남동구 소래로 688,https://www.kicte.or.kr,-,126.736530374913,37.4513721624072
111.0,재단법인 국악방송,기타공공기관,문화체육관광부,20000214.0, 공석,-,서울특별시,서울특별시 마포구 월드컵북로 54길 12(상암동),www.igbf.kr,-,126.88933208115,37.580854283154
112.0,재단법인 대한건설기계안전관리원,기타공공기관,국토교통부,19971223.0, 공석,-,서울특별시,서울특별시 서초구 서초대로 42길54,www.kcesi.or.kr,-,127.009409675744,37.4896129663029
113.0,재단법인 장애인기업종합지원센터,기타공공기관,중소벤처기업부,20080219.0,박마루,20231101-20261031,서울특별시,서울특별시 영등포구 버드나루로 14길 25,http://www.debc.or.kr,-,126.909801285184,37.5269017623879
114.0,재단법인 한국공공조직은행,기타공공기관,보건복지부,20170627.0, 공석,-,서울특별시,서울특별시  중구 퇴계로 307 광희빌딩 11층,https://kptb.kr/,-,127.005728381666,37.5643034749831
115.0,재단법인 한국에너지재단,기타공공기관,산업통상자원부,20061226.0, 공석,-,서울특별시,서울특별시 용산구 신흥로 152(후암동),www.koref.or.kr,-,126.981398475489,37.5468431573996
116.0,재단법인 한국자활복지개발원,기타공공기관,보건복지부,20190716.0,정해식,20221121-20251120,서울특별시,서울특별시 서대문구 통일로135 충정빌딩 10층,http://www.kdissw.or.kr,-,126.965458383486,37.5664280652901
117.0,재단법인 한국장기조직기증원,기타공공기관,보건복지부,20170401.0,이삼열,20240507-20270506,서울특별시,서울특별시 서대문구 충정로36 국민연금공단 충정로사옥 5층,https://www.koda1458.kr,-,126.964488428517,37.5619610885508
118.0,재외동포협력센터,기타공공기관,재외동포청,20230605.0,김영근,20230609-20260608,서울특별시,서울특별시 서초구 남부순환로 2558 외교센터 4층,www.okocc.or.kr,-,127.029691745321,37.4835973628557
119.0,전남대학교병원,기타공공기관,교육부,19930327.0,정 신,20240129-20270128,광주광역시,광주광역시 동구 제봉로 42,http://www.cnuh.com,-,126.921984240113,35.1420141967739
120.0,전략물자관리원,기타공공기관,산업통상자원부,20070605.0,정인교,20230803-20260802,서울특별시,"서울특별시 강남구 영동대로 511, 16층",www.kosti.or.kr,-,127.061023782931,37.510356849269
121.0,전북대학교병원,기타공공기관,교육부,19940704.0,유희철,20210730-20240729,전라북도,전라북도 전주시 덕진구 건지로 20,https://www.jbuh.co.kr,-,127.141059767822,35.8479659003147
122.0,전쟁기념사업회,기타공공기관,국방부,19890131.0,백승주,20230418-20260417,서울특별시,서울특별시 용산구 이태원로 29,www.warmemo.or.kr,-,126.978466063237,37.5373140468913
123.0,정보통신산업진흥원,기타공공기관,과학기술정보통신부,20090824.0,허성욱,20220222-20250221,충청북도,충청북도 진천군 덕산읍 정통로 10,www.nipa.kr,-,127.544318777501,36.902709904251
124.0,정보통신정책연구원,기타공공기관,국무조정실,19850204.0,배경율,20230803-20260802,충청북도,충청북도 진천군 덕산읍 정통로 18,http://www.kisdi.re.kr,-,127.542741399345,36.9031605446777
125.0,정부법무공단,기타공공기관,법무부,20080215.0,조희진,20230626-20260625,서울특별시,"서울특별시 강남구 테헤란로108길 12, 하나빌딩",http://www.kgls.or.kr,-,127.065756496551,37.5086105953986
126.0,제주국제자유도시개발센터,공기업(준시장형),국토교통부,20020515.0,양영철,20220308-20250307,제주특별자치도,제주특별자치도 제주시 첨단로 213-4(영평동),https://www.jdcenter.com,-,126.572552077426,33.4529029642094
127.0,제주대학교병원,기타공공기관,교육부,20011101.0,최국명,20230510-20260509,제주특별자치도,제주특별자치도 제주시 아란13길 15(아라일동),www.jejunuh.co.kr,-,126.545201028535,33.4672085209581
128.0,주식회사 에스알,공기업(준시장형),국토교통부,20131227.0,이종국,20211227-20241226,서울특별시,서울특별시 강남구 광평로56길 12,www.srail.or.kr,-,127.103875622051,37.486930606987
129.0,주택관리공단(주),기타공공기관,국토교통부,19980928.0,서종균,20210607-20240606,경상남도,경상남도  진주시 사들로 137, www.kohom.or.kr,-,128.147856267656,35.1802849991814
130.0,주택도시보증공사,공기업(준시장형),국토교통부,20150701.0,유병태,20230619-20260618,부산광역시,부산광역시 남구 문현금융로 40(문현동),www.khug.or.kr,-,129.065854840531,35.1464917263976
131.0,중소기업기술정보진흥원,기타공공기관,중소벤처기업부,20020122.0,김영신,20230901-20260831,세종특별자치시,세종특별자치시 집현중앙로 79,www.tipa.or.kr,-,127.331496155596,36.4992781048975
132.0,중소기업유통센터,기타공공기관,중소벤처기업부,19951221.0, 이태식,20230414-20260413,서울특별시,서울특별시 양천구 목동동로 309(목동),www.sbdc.or.kr,-,126.876008647904,37.5291435349019
133.0,중소기업은행,기타공공기관,금융위원회,19610801.0,김성태,20230103-20260102,서울특별시,"서울특별시 중구 을지로 79(을지로 2가, 기업은행)",http://www.ibk.co.kr,-,126.986565470789,37.5664935315447
134.0,중소벤처기업연구원,기타공공기관,중소벤처기업부,20210609.0, 공석,-,서울특별시,서울특별시 동작구 신대방1가길 77 (신대방동 686-70),www.kosi.re.kr,-,126.906096429655,37.4867760514306
135.0,중소벤처기업진흥공단,준정부기관(기금관리형),중소벤처기업부,19790130.0,강석진,20230901-20260831,경상남도,경상남도 진주시 동진로 430 (충무공동),https://www.kosmes.or.kr,-,128.13838858036,35.1802723367714
136.0,차세대수치예보모델개발사업단,기타공공기관,기상청,20200901.0,이우진,20210215-20240214,서울특별시,"서울특별시 동작구 보라매로5길 35, 4층(신대방동, 보라매파크스퀘어)",https://www.kiaps.org,-,126.923508147169,37.4920901355933
137.0,창업진흥원,기타공공기관,중소벤처기업부,20191024.0, 공석,-,세종특별자치시,세종특별자치시 집현중앙7로 16(집현동),http://www.kised.or.kr,-,127.330881042205,36.4996205387111
138.0,축산물품질평가원,준정부기관(위탁집행형),농림축산식품부,20010727.0,박병홍,20220819-20250818,세종특별자치시,세종특별자치시 아름서길 21,www.ekape.or.kr,-,127.242778870418,36.5136035264296
139.0,충남대학교병원,기타공공기관,교육부,19720701.0,조강희,20230420-20260419,대전광역시,대전광역시 중구 문화로 282,www.cnuh.co.kr,-,127.415303889582,36.3168435594497
140.0,충북대학교병원,기타공공기관,교육부,19910720.0, 최영석,20210410-20240409,충청북도,충청북도  청주시 서원구 1순환로 776(개신동),http://www.cbnuh.or.kr,-,127.461580709683,36.6241669812126
141.0,코레일관광개발(주),기타공공기관,국토교통부,20040811.0, 공석,-,서울특별시,서울특별시 용산구 청파로 378(동자동 43-229),www.korailtravel.com,-,126.970484281315,37.549118478341
142.0,코레일네트웍스(주),기타공공기관,국토교통부,20040921.0,전찬호,20231201-20251130,서울특별시,"서울특별시 용산구 한강대로 69 용산푸르지오써밋 13,14층(한강로2가 391)",www.korailnetworks.com,-,126.964892234354,37.5270404595814
143.0,코레일로지스(주),기타공공기관,국토교통부,20031231.0, 공석,-,서울특별시,"서울특별시 중구 중림로 49 (중림동), 실로암빌딩 2층",www.koraillogis.com,-,126.968628967116,37.5577436134772
144.0,코레일유통(주),기타공공기관,국토교통부,20041202.0,김영태,20230331-20250330,서울특별시,서울특별시 영등포구 국회대로 612, www.korailretail.com,-,126.902053880256,37.5257951979369
145.0,코레일테크(주),기타공공기관,국토교통부,20041209.0,조대식,20221125-20241124,대전광역시,대전광역시 중구 대종로 476(은행동),www.korailtech.com,-,127.427108402096,36.3271364907296
146.0,태권도진흥재단,기타공공기관,문화체육관광부,20050701.0, 공석,-,전라북도,전라북도 무주군 설천면 무설로1482,https://www.tpf.or.kr,-,127.778727049105,36.0092788983726
147.0,통일연구원,기타공공기관,국무조정실,19910202.0,김천식,20230720-20260719,서울특별시,서울특별시 서초구 반포대로 217,www.kinu.or.kr,-,127.003335556023,37.4994973402657
148.0,학교법인한국폴리텍,기타공공기관,고용노동부,19980205.0, 공석,-,인천광역시,인천광역시 부평구 무네미로 478,http://www.kopo.ac.kr,-,126.7528825126,37.4806116232245
149.0,한국가스공사,공기업(시장형),산업통상자원부,19830818.0,최연혜,20221209-20251208,대구광역시,대구광역시 동구 첨단로 120,www.kogas.or.kr,-,128.729850904817,35.8868062261966
150.0,한국가스안전공사,준정부기관(위탁집행형),산업통상자원부,19740111.0,박경국,20231229-20261228,충청북도,충청북도 음성군 맹동면 원중로 1390,www.kgs.or.kr,-,127.546043105844,36.9081145407712
151.0,한국개발연구원,기타공공기관,국무조정실,19710311.0,조동철,20221201-20251130,세종특별자치시,세종특별자치시 남세종로 263(반곡동),http://www.kdi.re.kr,-,127.309690998723,36.4810968523362
152.0,한국건강가정진흥원,기타공공기관,여성가족부,20150101.0, 공석,-,서울특별시,"서울특별시 중구 퇴계로 173(충무로3가, 남산스퀘어) 21층, 24층",http://www.kihf.or.kr,-,126.991058542501,37.5618257152508
153.0,한국건강증진개발원,기타공공기관,보건복지부,20140729.0,김헌주,20231127-20261126,서울특별시,서울특별시 광진구 능동로 400 보건복지행정타운 8~10F,https://www.khepi.or.kr,-,127.08445683899,37.5650580830652
154.0,한국고용노동교육원,기타공공기관,고용노동부,20201005.0,최현호,20240429-20270428,경기도,"경기도 광주시 오포읍 봉골길 229(문형동, 한국고용노동교육원)", https://www.keli.kr,-,127.191262822634,37.3651754525994
155.0,한국고용정보원,준정부기관(위탁집행형),고용노동부,20060331.0,김영중,20230530-20260529,충청북도,충청북도 음성군 맹동면 태정로 6,http://www.keis.or.kr,-,127.550690926638,36.9050436362528
156.0,한국고전번역원,기타공공기관,교육부,20071123.0,김언종,20230601-20260531,서울특별시,서울특별시 은평구 진관1로 85,www.itkc.or.kr,-,126.928702163448,37.6309143356193
157.0,한국공예디자인문화진흥원,기타공공기관,문화체육관광부,20100401.0,장동광,20230704-20260703,서울특별시,"서울특별시 종로구 율곡로 53, 해영회관 5층",www.kcdf.or.kr,-,126.985127531969,37.576600362627
158.0,한국공정거래조정원,기타공공기관,공정거래위원회,20071203.0,최영근,20230704-20260703,서울특별시,서울특별시 중구 세종대로 39 서울상공회의소회관 9층,www.kofair.or.kr,-,126.973775321516,37.5607136539523
159.0,한국공항공사,공기업(시장형),국토교통부,20020302.0, 공석,-,서울특별시,서울특별시 강서구 하늘길 78,http://www.airport.co.kr,-,126.79971076167,37.5609018527061
160.0,한국과학기술기획평가원,기타공공기관,과학기술정보통신부,19990201.0,정병선,20211222-20241221,충청북도,충청북도 음성군 맹동면 원중로 1339,www.kistep.re.kr,-,127.54972132433,36.904223723663
161.0,한국과학창의재단,기타공공기관,과학기술정보통신부,19671221.0,조율래,20210113-20240112,서울특별시,"서울특별시 강남구 테헤란로 7길22, 한국과학기술회관 2관 4~5층",www.kofac.re.kr,-,127.030768815378,37.500722082344
162.0,한국관광공사,준정부기관(위탁집행형),문화체육관광부,19620626.0, 공석,-,강원도,"강원도 원주시 세계로10, 한국관광공사",http://knto.or.kr,-,127.989937169177,37.3243024959506
163.0,한국광해광업공단,공기업(준시장형),산업통상자원부,20210910.0,황규연,20210910-20240909,강원도,강원도 원주시 혁신로 199 (본관)&cr;원주시 세계로 2    (별관),www.komir.or.kr,-,127.991716831249,37.3256602608297
164.0,한국교육개발원,기타공공기관,국무조정실,19720830.0,고영선,20240425-20270424,충청북도,충청북도 진천군 덕산읍 교학로7,www.kedi.re.kr,-,127.536837274483,36.8978136500263
165.0,한국교육과정평가원,기타공공기관,국무조정실,19980101.0,오승걸,20230803-20260802,충청북도,충청북도 진천군 덕산읍 교학로 8,www.kice.re.kr,-,127.534664797788,36.8971757445552
166.0,한국교육학술정보원,기타공공기관,교육부,19990422.0, 공석,-,대구광역시,대구광역시 대구광역시 동구 동내로 64(동내동) (우)41061,http://www.keris.or.kr,-,128.73571032577,35.8763025486212
167.0,한국교통안전공단,준정부기관(위탁집행형),국토교통부,19810701.0,권용복,20210202-20240201,경상북도,경상북도 김천시 혁신6로 17 (율곡동) 한국교통안전공단,www.kotsa.or.kr,-,128.183730375108,36.1245437588803
168.0,한국교통연구원,기타공공기관,국무조정실,19870825.0,오재학,20210201-20240131,세종특별자치시,세종특별자치시 시청대로 370 세종국책연구단지 과학인프라동(반곡동), https://www.koti.re.kr,-,127.304482409755,36.4959005735933
169.0,한국국방연구원,기타공공기관,국방부,19870302.0, 공석,-,서울특별시,서울특별시 동대문구 회기로 37,http://www.kida.re.kr,-,127.040069816483,37.5915710783776
170.0,한국국제교류재단,기타공공기관,외교부,19911230.0,김기환,20220916-20250915,제주특별자치도,"제주특별자치도 서귀포시 신중로 55(법환동, 서귀포시청 2청사)",www.kf.or.kr,-,126.510527414272,33.2555817572486
171.0,한국국제보건의료재단,기타공공기관,보건복지부,20060818.0,하일수,20240129-20270128,서울특별시,서울특별시 광진구 능동로 400 보건복지행정타운 6~7층,www.kofih.org,-,127.08445683899,37.5650580830652
172.0,한국국제협력단,준정부기관(위탁집행형),외교부,19910401.0,장 원 삼,20230710-20260709,경기도,경기도 성남시 수정구 대왕판교로 825,www.koica.go.kr,-,127.0986260822,37.4157092902734
173.0,한국국토정보공사,준정부기관(위탁집행형),국토교통부,19770701.0,어명소,20231113-20261112,전라북도,전라북도 전주시 덕진구 기지로120(중동),www.lx.or.kr,-,127.065321365341,35.837967501223
174.0,한국기상산업기술원,기타공공기관,기상청,20091230.0,안영인,20210927-20240926,대전광역시,대전광역시 동구 우암로273(가양동),https://www.kmiti.or.kr,-,127.445989387547,36.3457867345105
175.0,한국기술교육대학교,기타공공기관,고용노동부,19911102.0,유길상,20230601-20270531,충청남도,충청남도 천안시 동남구 병천면 충절로1600, www.koreatech.ac.kr,-,127.281200389603,36.765104950533
176.0,한국나노기술원,기타공공기관,과학기술정보통신부,20031223.0,서광석,20210809-20240808,경기도,경기도 수원시 영통구 광교로 109,https://www.kanc.re.kr,-,127.041847575792,37.293229934287
177.0,한국남동발전(주),공기업(시장형),산업통상자원부,20010402.0,김회천,20210426-20240425,경상남도,경상남도 진주시 사들로 123번길 32(충무공동),http://www.koenergy.kr,-,128.145569640752,35.1803497320974
178.0,한국남부발전(주),공기업(시장형),산업통상자원부,20010402.0,이승우,20210426-20240425,부산광역시,부산광역시 남구 문현금융로 40 부산국제금융센터,www.kospo.co.kr,-,129.065854840531,35.1464917263976
179.0,한국노동연구원,기타공공기관,국무조정실,19880825.0,허재준,20230210-20260209,세종특별자치시,세종특별자치시 시청대로 370 세종국책연구단지 경제정책동 5~7층,www.kli.re.kr,-,127.304482409755,36.4959005735933
180.0,한국노인인력개발원,기타공공기관,보건복지부,20051227.0,김미곤,20210712-20240711,경기도,경기도 고양시 일산동구 하늘마을로 106(중산동 1701),https://www.kordi.or.kr,-,126.784020067585,37.6804476504016
181.0,한국농수산식품유통공사,준정부기관(위탁집행형),농림축산식품부,19671201.0,김춘진,20210315-20240314,전라남도,전라남도 나주시 문화로 227(빛가람동),www.at.or.kr,-,126.78399830567,35.019359820888
182.0,한국농어촌공사,준정부기관(위탁집행형),농림축산식품부,20000101.0,이병호,20220304-20250303,전라남도,전라남도 나주시 그린로 20,www.ekr.or.kr,-,126.777107136951,35.0203513157276
183.0,한국농업기술진흥원,기타공공기관,농촌진흥청,20090907.0,안호근,20220301-20250228,전라북도,전라북도 익산시 평동로 457,https://www.koat.or.kr/,-,126.933329826372,35.938407243901
184.0,한국농촌경제연구원,기타공공기관,국무조정실,19780401.0,한두봉,20230412-20260411,전라남도,전라남도 나주시 빛가람로 601,www.krei.re.kr,-,126.777764606371,35.0225198846909
185.0,한국데이터산업진흥원,기타공공기관,과학기술정보통신부,19930204.0,윤혜정,20211111-20241110,서울특별시,"서울특별시 중구 세종대로9길 42, 7~8,11층(서소문동, 부영빌딩)",https://www.kdata.or.kr/,-,126.973833846114,37.5616563798295
186.0,한국도로공사,공기업(시장형),국토교통부,19690215.0,함진규,20230214-20260213,경상북도,경상북도 김천시 혁신8로 77(율곡동),https://www.ex.co.kr/,-,128.188725543136,36.1289584298751
187.0,한국도로공사서비스(주),기타공공기관,국토교통부,20190509.0,오병삼,20230829-20260828,경기도,"경기도 성남시 수정구 창업로57번길 11(시흥동), 2층",www.exservice.co.kr,-,127.096253961931,37.4106649079086
188.0,한국도박문제예방치유원,기타공공기관,문화체육관광부,20130828.0,신미경,20240502-20270501,서울특별시,"서울특별시 중구 퇴계로 173, 남산스퀘어 8층",https://www.kcgp.or.kr/,-,126.991058542501,37.5618257152508
189.0,한국동서발전(주),공기업(시장형),산업통상자원부,20010402.0,김영문,20210426-20240425,울산광역시,울산광역시 중구 종가로 395,https://www.ewp.co.kr,-,129.318968777069,35.5662723827825
190.0,한국등산·트레킹지원센터,기타공공기관,산림청,20080721.0,전범권,20210906-20240905,대전광역시,대전광역시  대덕구 신상로67(비래동), https://www.komount.or.kr,-,127.458873569155,36.3599165430272
191.0,한국디자인진흥원,기타공공기관,산업통상자원부,19700519.0,윤상흠,20210628-20240627,경기도,경기도 성남시 분당구 양현로 322(야탑동),www.kidp.or.kr,-,127.123286467551,37.4131967216789
192.0,한국로봇산업진흥원,기타공공기관,산업통상자원부,20100624.0,손웅희,20210401-20240331,대구광역시,대구광역시 북구 노원로 77(노원동3가),www.kiria.org,-,128.570365610528,35.8948917040586
193.0,한국마사회,공기업(준시장형),농림축산식품부,19490929.0,정기환,20220211-20250210,경기도,경기도 과천시 경마공원대로 107,www.kra.co.kr,-,127.0162939669,37.4412157413878
194.0,한국마약퇴치운동본부,기타공공기관,식품의약품안전처,19920422.0,서국진,20240429-20270428,서울특별시,서울특별시 영등포구 선유동2로 57 이레빌딩 신관 14층,drugfree.or.kr,-,126.896882129276,37.5338259242698
195.0,한국무역보험공사,준정부기관(기금관리형),산업통상자원부,19920707.0,장영진,20240318-20270317,서울특별시,서울특별시 종로구 종로 14 (서린동),https://www.ksure.or.kr,-,126.97886194878,37.5698126628053
196.0,한국문학번역원,기타공공기관,문화체육관광부,19960506.0,곽효환,20210514-20240513,서울특별시,서울특별시 강남구 영동대로 112길 32(삼성동) 한국문학번역원,https://www.ltikorea.or.kr/,-,127.062842412176,37.5152256423036
197.0,한국문화관광연구원,기타공공기관,문화체육관광부,20021204.0,김세원,20221028-20251027,서울특별시,서울특별시 강서구 금낭화로 154(방화동),http://www.kcti.re.kr,-,126.81383542564,37.579155054659
198.0,한국문화예술교육진흥원,기타공공기관,문화체육관광부,20050203.0,박은실,20220915-20250914,서울특별시,"서울특별시  마포구 상암산로 76(상암동, YTN 뉴스퀘어)", www.arte.or.kr,-,126.892314544858,37.5791943482019
199.0,한국문화예술위원회,기타공공기관,문화체육관광부,20050826.0,정병국,20230110-20260109,전라남도,전라남도 나주시 빛가람로 640,www.arko.or.kr,-,126.781834827085,35.0207786865687
200.0,한국문화정보원,기타공공기관,문화체육관광부,20021223.0, 공석,-,서울특별시,"서울특별시 마포구 월드컵북로 400, 6층",www.kcisa.kr,-,126.889839335259,37.5806561786855
201.0,한국문화진흥주식회사,기타공공기관,문화체육관광부,19840124.0,이상철,20230328-20260327,경기도,경기도 광주시 삼지곡길 95,https://newseoulgolf.co.kr/,-,127.20953176314,37.4252253615502
202.0,한국발명진흥회,기타공공기관,특허청,19941226.0,황철주,20221213-20251212,서울특별시,서울특별시 강남구 테헤란로 131 한국지식재산센터,www.kipa.org,-,127.032937953168,37.5000818732753
203.0,한국방송광고진흥공사,공기업(준시장형),방송통신위원회,20120523.0, 공석,-,서울특별시,서울특별시 중구 세종대로 124 (태평로 1가),www.kobaco.co.kr,-,126.977873671097,37.5674198878673
204.0,한국방송통신전파진흥원,준정부기관(위탁집행형),과학기술정보통신부,19720721.0,이상훈,20231101-20261031,전라남도,전라남도 나주 빛가람로 760(빛가람동),www.kca.kr,-,126.795465278847,35.0206146661672
205.0,한국법무보호복지공단,기타공공기관,법무부,19530305.0,황영기,20240311-20270310,경상북도,경상북도 김천시 혁신1로 86,https://koreha.or.kr/,-,128.180544084815,36.1160318795106
206.0,한국법제연구원,기타공공기관,국무조정실,19900730.0,한영수,20230323-20260322,세종특별자치시,세종특별자치시 국책연구원로 15,www.klri.re.kr,-,127.302109883779,36.4921956463431
207.0,한국벤처투자,기타공공기관,중소벤처기업부,20050629.0, 공석,-,서울특별시,"서울특별시 서초구 서초대로45길 16, 3층~5층",www.kvic.or.kr,-,127.009272708542,37.4939062773109
208.0,한국보건복지인재원,기타공공기관,보건복지부,20070404.0,배금주,20230508-20260507,충청북도,충청북도 충청북도 청주시 흥덕구 오송읍 오송생명2로 187,www.kohi.or.kr,-,127.335389756352,36.6425643742306
209.0,한국보건사회연구원,기타공공기관,국무조정실,19700720.0,이태수,20210503-20240502,세종특별자치시,세종특별자치시 시청대로 370 세종국책연구단지 사회정책동(1~5층),https://www.kihasa.re.kr/,-,127.304482409755,36.4959005735933
210.0,한국보건산업진흥원,기타공공기관,보건복지부,19990206.0,차 순 도,20221213-20251212,충청북도,충청북도  청주시 흥덕구 오송읍 오송생명2로 187 오송보건의료행정타운,https://www.khidi.or.kr,-,127.335389756352,36.6425643742306
211.0,한국보건의료연구원,기타공공기관,보건복지부,20081223.0,이재태,20230727-20260726,서울특별시,서울특별시 광진구 능동로 400,www.neca.re.kr,-,127.08445683899,37.5650580830652
212.0,한국보건의료인국가시험원,기타공공기관,보건복지부,19920420.0,배현주,20230201-20260131,서울특별시,서울특별시 광진구 자양로 45,http://www.kuksiwon.or.kr/,-,127.085377141915,37.5319951931224
213.0,한국보육진흥원,기타공공기관,보건복지부,20091223.0,나성웅,20211101-20241031,서울특별시,"서울특별시  용산구 청파로 345, 주연빌딩 3,4,5,6층 ",http://www.kcpi.or.kr,-,126.969354194667,37.5503048955613
214.0,한국보훈복지의료공단,준정부기관(위탁집행형),국가보훈부,19811102.0, 공석,-,강원도,강원도 원주시 혁신로 40,www.bohun.or.kr,-,127.977888519985,37.3235968402162
215.0,한국부동산원,공기업(준시장형),국토교통부,19690425.0,손태락,20210226-20240225,대구광역시,대구광역시 동구 이노밸리로 291,www.reb.or.kr,-,128.728988541529,35.8786286198099
216.0,한국사학진흥재단,기타공공기관,교육부,19891204.0,홍덕률,20210614-20240613,대구광역시,대구광역시 동구 혁신대로 345,www.kasfo.or.kr,-,128.734409455146,35.8763070156789
217.0,한국사회보장정보원,준정부기관(위탁집행형),보건복지부,20091207.0, 공석,-,서울특별시,"서울특별시 광진구 능동로 400(중곡동, 보건복지행정타운)",http://www.ssis.or.kr,-,127.08445683899,37.5650580830652
218.0,한국사회복지협의회,기타공공기관,보건복지부,19520215.0,김성이,20230101-20251231,서울특별시,서울특별시 마포구 만리재로 14(공덕동) 한국사회복지회관 5층,www.bokji.net,-,126.952835204955,37.5439937223014
219.0,한국사회적기업진흥원,기타공공기관,고용노동부,20101231.0,정현곤,20210826-20240825,경기도,경기도 성남시 수정구 수정로 157(새마을금고빌딩) 6~8층,www.socialenterprise.or.kr,-,127.137412527666,37.4428586467674
220.0,한국산림복지진흥원,준정부기관(위탁집행형),산림청,20160418.0,남태헌,20220926-20250925,대전광역시,"대전광역시 서구 둔산북로 121, 2층(둔산동 아너스빌)",https://www.fowi.or.kr,-,127.387871708301,36.3563094826699
221.0,한국산업기술기획평가원,준정부기관(위탁집행형),산업통상자원부,20090504.0,전윤종,20220907-20250906,대구광역시,대구광역시 동구 첨단로8길 32,www.keit.re.kr,-,128.733845621357,35.8781438042744
222.0,한국산업기술시험원,기타공공기관,산업통상자원부,19660413.0,김세종,20210401-20240331,경상남도,경상남도 진주시 충의로 10(충무공동),www.ktl.re.kr,-,128.146315910358,35.1757293883187
223.0,한국산업기술진흥원,준정부기관(위탁집행형),산업통상자원부,20090504.0,민병주,20220907-20250906,서울특별시,서울특별시 강남구 테헤란로 305,www.kiat.or.kr,-,127.043780751267,37.5033406241505
224.0,한국산업단지공단,준정부기관(위탁집행형),산업통상자원부,19970110.0,이상훈,20230601-20260531,대구광역시,대구광역시 동구 첨단로 39(신서동),www.kicox.or.kr,-,128.729549274787,35.879943572972
225.0,한국산업안전보건공단,준정부기관(위탁집행형),고용노동부,19871209.0,안종주,20220110-20250109,울산광역시,울산광역시 울산광역시 중구 종가로 400(성안동) 한국산업안전보건공단 &cr;(우)44429,https://kosha.or.kr,-,129.319845814157,35.5650061834461
226.0,한국산업은행,기타공공기관,금융위원회,19540401.0,강석훈,20220607-20250606,서울특별시,서울특별시 영등포구 은행로 14,http://www.kdb.co.kr,-,126.920832037248,37.5271223982536
227.0,한국산업인력공단,준정부기관(위탁집행형),고용노동부,19820318.0,이우영,20231113-20261112,울산광역시,울산광역시 중구 종가로 345(교동),www.hrdkorea.or.kr,-,129.314245707851,35.5660220468598
228.0,한국상하수도협회,기타공공기관,환경부,20020121.0,강기정,20220722-20250721,서울특별시,서울특별시 영등포구 대림로 244(대림동),www.kwwa.or.kr,-,126.896902352702,37.5025213146697
229.0,한국서부발전(주),공기업(시장형),산업통상자원부,20010402.0,박형덕,20210426-20240425,충청남도,충청남도 태안군 태안읍 중앙로 285, www.iwest.co.kr,-,126.317626237874,36.7517167489152
230.0,한국석유공사,공기업(시장형),산업통상자원부,19790303.0,김동섭,20210608-20240607,울산광역시,울산광역시 중구 종가로 305,www.knoc.co.kr,-,129.30911143208,35.5649648471875
231.0,한국석유관리원,준정부기관(위탁집행형),산업통상자원부,19831107.0,차동형,20210726-20240725,경기도,"경기도 성남시 분당구 안양판교로 1207(백현동, 한국석유관리원)",http://www.kpetro.or.kr,-,127.099506456194,37.3838048375233
232.0,한국세라믹기술원,기타공공기관,산업통상자원부,20090504.0,정연길,20210726-20240725,경상남도,경상남도 진주시 소호로 101,www.kicet.re.kr,-,128.13458415751,35.1770348877678
233.0,한국소방산업기술원,기타공공기관,소방청,19770601.0,김창진,20240213-20270212,경기도,경기도 용인시 기흥구 지삼로 331,www.kfi.or.kr,-,127.145444874736,37.2354340188646
234.0,한국소비자원,준정부기관(위탁집행형),공정거래위원회,19870701.0,윤수현,20231113-20261112,충청북도,충청북도 음성군 맹동면 용두로 54,https://www.kca.go.kr,-,127.548294583158,36.9069405103208
235.0,한국수력원자력(주),공기업(시장형),산업통상자원부,20010402.0,황주호,20220820-20250819,경상북도,경상북도 경주시 문무대왕면 불국로 1655,https://www.khnp.co.kr,-,129.389180219833,35.795102140085
236.0,한국수목원정원관리원,기타공공기관,산림청,20170517.0,류광수,20210419-20240418,세종특별자치시,"세종특별자치시 정부2청사로 10(나성동, 에스엠타워) 3층",www.koagi.or.kr,-,127.261844115214,36.482813152508
237.0,한국수산자원공단,기타공공기관,해양수산부,20101118.0,이춘우,20211129-20241128,부산광역시,부산광역시 기장군 일광읍 이동길 4,http://www.fira.or.kr,-,129.242964965848,35.2698658312891
238.0,한국수자원공사,공기업(준시장형),환경부,19671116.0,윤석대,20230619-20260618,대전광역시,대전광역시 대덕구 신탄진로 200,www.kwater.or.kr,-,127.423731874384,36.3979169814412
239.0,한국수자원조사기술원,기타공공기관,환경부,20171220.0,이영기,20231101-20261031,경기도,"경기도 고양시 일산서구 킨텍스로 217-59 킨텍스 제2전시장 오피스동 8~9층, 11~13층",www.kihs.re.kr,-,126.742064181796,37.664695446952
240.0,한국수출입은행,기타공공기관,기획재정부,19760701.0,윤희성,20220727-20250726,서울특별시,서울특별시 영등포구 은행로 38,www.koreaexim.go.kr,-,126.923399003703,37.5286372332436
241.0,한국승강기안전공단,준정부기관(위탁집행형),행정안전부,20160701.0,이용표,20210510-20240509,경상남도,경상남도 진주시 소호로102(충무공동),home.koelsa.or.kr,-,128.135801673056,35.1777941750455
242.0,한국식품산업클러스터진흥원,기타공공기관,농림축산식품부,20110225.0,김영재,20210305-20240304,전라북도,전라북도 익산시 왕궁면 국가식품로 100,https://www.foodpolis.kr,-,127.083244172351,35.9801803459832
243.0,한국식품안전관리인증원,기타공공기관,식품의약품안전처,20170213.0,한상배,20230522-20260521,충청북도,충청북도 청주시 흥덕구 오송읍 오송생명5로 156,https://www.haccp.or.kr,-,127.330644293485,36.6328496380828
244.0,한국양성평등교육진흥원,기타공공기관,여성가족부,20030305.0,◈ 기관장,20210723-20240729,서울특별시,서울특별시 은평구 진흥로 225(불광동),http://www.kigepe.or.kr,-,126.93584332658,37.610924170994
245.0,한국어촌어항공단,기타공공기관,해양수산부,19940330.0,박경철,20210503-20240502,서울특별시,서울특별시 금천구 가산디지털2로 53 한라시그마밸리 12층,www.fipa.or.kr,-,126.881145309987,37.4729556284612
246.0,한국언론진흥재단,기타공공기관,문화체육관광부,20100201.0,김효재,20231019-20261018,서울특별시,서울특별시 중구 세종대로124 한국프레스센터,www.kpf.or.kr,-,126.977873671097,37.5674198878673
247.0,한국에너지공단,준정부기관(위탁집행형),산업통상자원부,19800704.0,이상훈,20220128-20250127,울산광역시,울산광역시 울산광역시 중구 종가로 323(우정동),https://www.energy.or.kr,-,129.311905888733,35.5654491965269
248.0,한국에너지기술평가원,기타공공기관,산업통상자원부,20090504.0, 공석,-,서울특별시,서울특별시 강남구 테헤란로 114길 14,www.ketep.re.kr,-,127.06644500469,37.5087976190802
249.0,한국에너지정보문화재단,기타공공기관,산업통상자원부,19920325.0,최성광,20210824-20240823,서울특별시,서울특별시 금천구 남부순환로 1418, https://www.keia.or.kr,-,126.908313066946,37.4803754975008
250.0,한국여성과학기술인육성재단,기타공공기관,과학기술정보통신부,20130104.0,문애리,20221107-20251106,서울특별시,"서울특별시 강남구 테헤란로 7길 22, 한국과학기술회관 2관 6층",https://www.wiset.or.kr,-,127.030768815378,37.500722082344
251.0,한국여성인권진흥원,기타공공기관,여성가족부,20191219.0,신보라,20230330-20260329,서울특별시,"서울특별시 중구 서소문로 50(중림동, CENTRAL PLACE) 3층",https://www.stop.or.kr,-,126.967029172523,37.5609169395529
252.0,한국여성정책연구원,기타공공기관,국무조정실,19830421.0,김종숙,20240125-20270124,서울특별시,서울특별시 은평구 진흥로 225(불광동),www.kwdi.re.kr,-,126.93584332658,37.610924170994
253.0,한국연구재단,준정부기관(위탁집행형),과학기술정보통신부,20090626.0,이광복,20210927-20240926,대전광역시,대전광역시 유성구 가정로 201(가정동),www.nrf.re.kr,-,127.366083583729,36.3855271813455
254.0,한국영상자료원,기타공공기관,문화체육관광부,19740118.0,김홍준,20220224-20250223,서울특별시,서울특별시 마포구 월드컵북로 400(상암동) 한국영상자료원,www.koreafilm.or.kr,-,126.889839335259,37.5806561786855
255.0,한국예술인복지재단,기타공공기관,문화체육관광부,20121119.0,박영정,20210401-20240415,서울특별시,서울특별시 중구 한강대로 416 서울스퀘어 3층,http://www.kawf.kr,-,126.973751343837,37.555503632236
256.0,한국원산지정보원,기타공공기관,관세청,20230703.0,김일권,20231201-20261130,경기도,경기도 성남시 분당구 야탑로 205번길 8 (야탑동),www.origin.or.kr,-,127.142975447658,37.4090449105981
257.0,한국원자력안전기술원,기타공공기관,원자력안전위원회,19900214.0,김석철,20211203-20241202,대전광역시,대전광역시 유성구 과학로 62,http://www.kins.re.kr,-,127.368459260055,36.3748335227443
258.0,한국원자력안전재단,기타공공기관,원자력안전위원회,20121106.0,김제남,20220210-20250209,경기도,경기도 성남시 분당구 대왕판교로644번길 49(삼평동) 1관 8층,www.kofons.or.kr,-,127.112312371111,37.4001662034279
259.0,한국원자력의학원,기타공공기관,과학기술정보통신부,19631217.0,이진경,20230419-20260418,서울특별시,서울특별시 노원구 노원로 75,www.kirams.re.kr,-,127.083017711933,37.6286068147245
260.0,한국원자력통제기술원,기타공공기관,원자력안전위원회,20060630.0,이나영,20230911-20260910,대전광역시,대전광역시 유성구 유성대로 1418,www.kinac.re.kr,-,127.370973623277,36.4059125654104
261.0,한국원자력환경공단,준정부기관(위탁집행형),산업통상자원부,20090101.0,조성돈,20230525-20260524,경상북도,경상북도 경주시 충효천길 19,www.korad.or.kr,-,129.196868309458,35.8402398290981
262.0,한국의료기기안전정보원,기타공공기관,식품의약품안전처,20120518.0,김태영,20220225-20240224,서울특별시,"서울특별시 구로구 디지털로30길 28, 마리로타워 102, 208, 303-1, 305호, 312호", http://www.nids.or.kr,-,126.895281502292,37.4821079378772
263.0,한국의료분쟁조정중재원,기타공공기관,보건복지부,20120409.0,박은수,20220103-20250102,서울특별시,"서울특별시 중구 소월로2길 30, 티타워빌딩 8층, 9층, 21층",https://www.k-medi.or.kr,-,126.975612746457,37.5539946799726
264.0,한국의약품안전관리원,기타공공기관,식품의약품안전처,20120106.0,오정완,20211025-20241024,경기도,"경기도 안양시 동안구 부림로 169번길 30, 4~6층",www.drugsafe.or.kr,-,126.960801311053,37.3973688812728
265.0,한국인터넷진흥원,준정부기관(위탁집행형),과학기술정보통신부,20090723.0,이상중,20240115-20270114,전라남도,전라남도 나주시 진흥길 9(빛가람동 301-2),www.kisa.or.kr,-,126.795355431225,35.0184830812
266.0,한국임업진흥원,기타공공기관,산림청,20120126.0,최무열,20240213-20270212,서울특별시,서울특별시 강서구 공항대로 475(등촌동),www.kofpi.or.kr,-,126.859779748681,37.5536177805536
267.0,한국자산관리공사,준정부기관(기금관리형),금융위원회,19620406.0,권 남 주,20220118-20250117,부산광역시,"부산광역시 남구 문현금융로 40, 부산국제금융센터",http://www.kamco.or.kr/,-,129.065854840531,35.1464917263976
268.0,한국잡월드,기타공공기관,고용노동부,20111103.0,이병균,20230731-20260730,경기도,경기도 성남시 분당구 분당수서로501,http://www.koreajobworld.or.kr,-,127.106393759631,37.3784945143157
269.0,한국장애인개발원,기타공공기관,보건복지부,19890428.0,이경혜,20230307-20260306,서울특별시,서울특별시 영등포구 의사당대로 22 이룸센터 5층,https://www.koddi.or.kr,-,126.917843631999,37.526869878743
270.0,한국장애인고용공단,준정부기관(위탁집행형),고용노동부,19900901.0,조향현,20210302-20240301,경기도,경기도 성남시 분당구 구미로 173번길 59,https://www.kead.or.kr,-,127.123429363176,37.3484392723955
271.0,한국장학재단,준정부기관(위탁집행형),교육부,20090507.0,배병일,20230101-20251231,대구광역시,대구광역시 동구 신암로 125,www.kosaf.go.kr,-,128.612950848707,35.8811719335768
272.0,한국재정정보원,기타공공기관,기획재정부,20160701.0,박용주,20211006-20241005,서울특별시,서울특별시 중구 퇴계로 10 (남대문로5가),www.fis.kr,-,126.974344108057,37.5562754669305
273.0,한국저작권보호원,기타공공기관,문화체육관광부,20160930.0,박정렬,20220916-20250915,서울특별시,"서울특별시 마포구 월드컵북로 400, (상암동, 서울경제진흥원 4층, 9층, 10층)", www.kcopa.or.kr,-,126.889839335259,37.5806561786855
274.0,한국저작권위원회,기타공공기관,문화체육관광부,20090723.0, 공석,-,경상남도,경상남도 진주시 소호로 117(충무공동),www.copyright.or.kr,-,128.134228053474,35.1791998940645
275.0,한국전기안전공사,준정부기관(위탁집행형),산업통상자원부,19740607.0,박지현,20210225-20240224,전라북도,전라북도 완주군 이서면 안전로 111,http://www.kesco.or.kr,-,127.056132126937,35.8348668592133
276.0,한국전력거래소,준정부기관(위탁집행형),산업통상자원부,20010402.0,정동희,20210401-20250331,전라남도,전라남도 나주시 빛가람로 625,https://www.kpx.or.kr,-,126.781021833454,35.0227024756082
277.0,한국전력공사,공기업(시장형),산업통상자원부,19610701.0,김동철,20230919-20260918,전라남도,전라남도 나주시 전력로 55, home.kepco.co.kr,-,126.78445368522,35.0263692039959
278.0,한국전력국제원자력대학원대학교,기타공공기관,산업통상자원부,20110919.0, 공석,-,울산광역시,울산광역시 울주군 서생면 해맞이로 658-91,https://kings.ac.kr,-,129.30880326391,35.3338787105223
279.0,한국전력기술주식회사,공기업(준시장형),산업통상자원부,19751001.0,김성암,20210507-20240506,경상북도,경상북도 김천시 혁신로 269(율곡동),www.kepco-enc.com,-,128.178874205234,36.1246928531847
280.0,한국제품안전관리원,기타공공기관,산업통상자원부,20180921.0,이재만,20211101-20241031,서울특별시,"서울특별시 서초구 매헌로 16, 양재하이브랜드 17층",www.kips.kr,-,127.036947909974,37.462467348157
281.0,한국조세재정연구원,기타공공기관,국무조정실,19920715.0,김재진,20210531-20240530,세종특별자치시,세종특별자치시 시청대로 336(반곡동),www.kipf.re.kr,-,127.301039807539,36.492485999904
282.0,한국조폐공사,공기업(준시장형),기획재정부,19511001.0,성창훈,20231013-20261012,대전광역시,대전광역시 유성구 과학로 80-67(가정동),www.komsco.com,-,127.370534224568,36.3784711714806
283.0,한국주택금융공사,준정부기관(기금관리형),금융위원회,20040301.0,최준우,20210205-20240204,부산광역시,부산광역시 부산광역시 남구 문현금융로 40(문현동) 부산국제금융센터,www.hf.go.kr,-,129.065854840531,35.1464917263976
284.0,한국중부발전(주),공기업(시장형),산업통상자원부,20010402.0,김호빈,20210426-20240425,충청남도,충청남도 보령시 보령북로 160(대천동),www.komipo.co.kr,-,126.590116966583,36.3557371150197
285.0,한국지능정보사회진흥원,준정부기관(위탁집행형),과학기술정보통신부,19870130.0,황종성,20220824-20250823,대구광역시,대구광역시 동구 첨단로 53(신서동), www.nia.or.kr,-,128.729752896209,35.8809463825037
286.0,한국지식재산보호원,기타공공기관,특허청,20200805.0,김용선,20221214-20251213,서울특별시,"서울특별시 강남구 테헤란로 131(역삼동, 한국지식재산센터 6층)",https://www.koipa.re.kr,-,127.032937953168,37.5000818732753
287.0,한국지식재산연구원,기타공공기관,특허청,20051209.0,손승우,20210817-20240816,서울특별시,"서울특별시 강남구 테헤란로 131(지식재산센터) 3층, 9층",www.kiip.re.kr,-,127.032937953168,37.5000818732753
288.0,한국지역난방공사,공기업(시장형),산업통상자원부,19851101.0,정용기,20221129-20251128,경기도,경기도 성남시 분당구 분당로 368,www.kdhc.co.kr,-,127.147186,37.365324
289.0,한국직업능력연구원,기타공공기관,국무조정실,19970910.0,고혜원,20240328-20270327,세종특별자치시,세종특별자치시 시청대로 370(반곡동) 세종국책연구단지 사회정책동(D동),www.krivet.re.kr,-,127.304482409755,36.4959005735933
290.0,한국철도공사,공기업(준시장형),국토교통부,20050101.0,한문희,20230724-20260723,대전광역시,대전광역시 동구 중앙로 240 (소제동) ,www.korail.com,-,127.435993263371,36.3317082508479
291.0,한국청소년상담복지개발원,기타공공기관,여성가족부,19930215.0,윤효식,20211220-20241219,부산광역시,부산광역시 해운대구 센텀중앙로 79 센텀사이언스파크,http://www.kyci.or.kr,-,129.126513499207,35.1740782852492
292.0,한국청소년정책연구원,기타공공기관,국무조정실,19890617.0,백일현,20240429-20270428,세종특별자치시,세종특별자치시 시청대로 370 세종국책연구단지 사회정책동(D동) 6/7층,www.nypi.re.kr,-,127.304482409755,36.4959005735933
293.0,한국청소년활동진흥원,기타공공기관,여성가족부,20100818.0,손연기,20221121-20251120,서울특별시,"서울특별시 서대문구 경기대로47 2, 5층",www.kywa.or.kr,-,126.96237696604,37.5638209021699
294.0,한국체육산업개발(주),기타공공기관,문화체육관광부,19900725.0,신치용,20230908-20260907,서울특별시,서울특별시 송파구 올림픽로 424(방이동),http://www.ksponco.or.kr/,-,127.115517876627,37.5203396980951
295.0,한국출판문화산업진흥원,기타공공기관,문화체육관광부,20120727.0,김준희,20211228-20241227,전라북도,전라북도 전주시 덕진구 중동로 63, http://www.kpipa.or.kr,-,127.063611310967,35.8390818325276
296.0,한국치산기술협회,기타공공기관,산림청,20090105.0,최병암,20230101-20241231,충청북도,충청북도 청주시 흥덕구 오송읍 오송생명3로 150,https://www.kafet.or.kr,-,127.324611833453,36.6246051657318
297.0,한국콘텐츠진흥원,기타공공기관,문화체육관광부,20090507.0,조현래,20210903-20240902,전라남도,전라남도 나주시 교육길 35,https://www.kocca.kr/,-,126.781778020051,35.0197250535928
298.0,한국탄소산업진흥원,기타공공기관,산업통상자원부,20030314.0, 공석,-,전라북도,전라북도 전주시 덕진구 반룡로 110-11,www.kcarbon.or.kr,-,127.083167617683,35.8601198981411
299.0,한국토지주택공사,공기업(준시장형),국토교통부,20091001.0,이한준,20221111-20251110,경상남도,"경상남도 진주시 충의로 19, 한국토지주택공사",www.lh.or.kr,-,128.14576837039,35.1781697810343
300.0,한국투자공사,기타공공기관,기획재정부,20050701.0,진승호,20210518-20240517,서울특별시,"서울특별시 중구 퇴계로 100 스테이트타워남산 15, 17, 18, 19층",www.kic.kr,-,126.982926486564,37.5602069895052
301.0,한국특허기술진흥원,기타공공기관,특허청,20220804.0,김명섭,20230601-20260531,대전광역시,대전광역시 서구 문정로 48번길 48(탄방동),www.kipro.or.kr,-,127.384061443964,36.3447243011965
302.0,한국특허전략개발원,기타공공기관,특허청,20200805.0,이재우,20220225-20250224,대전광역시,"대전광역시 중구 대종로540 유안타증권빌딩 14층, 15층",www.kista.re.kr,-,127.422830753089,36.3316452371659
303.0,한국특허정보원,기타공공기관,특허청,19950707.0,현성훈,20230102-20260101,대전광역시,"대전광역시 서구 둔산서로 137, 5층(둔산동, KDB빌딩)",www.kipi.or.kr,-,127.38262366192,36.3590439827489
304.0,한국학중앙연구원,기타공공기관,교육부,19780630.0, 공석,-,경기도,경기도 경기도 성남시 분당구 하오개로 323(운중동),http://www.aks.ac.kr,-,127.055265494451,37.3919352469301
305.0,한국한의약진흥원,기타공공기관,보건복지부,20190612.0,정창현,20210423-20240422,경상북도,경상북도 경산시 화랑로 94(갑제동),www.nikom.or.kr,-,128.766835578959,35.8231000169517
306.0,한국항로표지기술원,기타공공기관,해양수산부,20180718.0,박광열,20220609-20250608,세종특별자치시,"세종특별자치시 아름서1길 13-9, 6층(아름동, 다올비즈니스센터)",www.katon.or.kr,-,127.242604376472,36.5116705456461
307.0,한국해양과학기술원,기타공공기관,해양수산부,20120701.0, 공석,-,부산광역시,부산광역시  영도구 해양로 385, www.kiost.ac.kr,-,129.078708873135,35.075783163218
308.0,한국해양교통안전공단,준정부기관(위탁집행형),해양수산부,20190701.0,김준석,20221201-20251130,세종특별자치시,세종특별자치시 아름서길 27(아름동),https://www.komsa.or.kr,-,127.242883396127,36.5145072610075
309.0,한국해양수산개발원,기타공공기관,국무조정실,19970418.0,김종덕,20211227-20241226,부산광역시,부산광역시 영도구 해양로301번길 26(동삼동),www.kmi.re.kr,-,129.077418220797,35.0793327337505
310.0,한국해양수산연수원,기타공공기관,해양수산부,19980101.0,김민종,20220204-20250203,부산광역시,부산광역시 부산광역시 영도구 해양로 367,www.seaman.or.kr,-,129.078565246694,35.0775147890843
311.0,한국해양조사협회,기타공공기관,해양수산부,20060131.0,김백수,20240513-20270512,서울특별시,"서울특별시 금천구 가산디지털1로 70, 1305호(호서대벤처타워)",www.khra.kr,-,126.886110038559,37.4723085472631
312.0,한국해양진흥공사,기타공공기관,해양수산부,20180705.0,김양수,20210823-20240822,부산광역시,"부산광역시 해운대구 마린시티2로 38, 씨1동 7층(우동, 해운대아이파크)",www.kobc.or.kr,-,129.143328681551,35.157037795554
313.0,한국해외인프라도시개발지원공사,기타공공기관,국토교통부,20180608.0,이강훈,20210929-20240928,서울특별시,"서울특별시 영등포구 국제금융로 10, 50층(여의도동, Three IFC)",www.kindkorea.or.kr,-,126.924876706923,37.5251775245928
314.0,한국행정연구원,기타공공기관,국무조정실,19910927.0,최상한,20210802-20240801,서울특별시,서울특별시 은평구 진흥로 235,www.kipa.re.kr,-,126.935395524395,37.6098566150242
315.0,한국형사·법무정책연구원,기타공공기관,국무조정실,19890316.0,하 태 훈,20220802-20240801,서울특별시,서울특별시 서초구 태봉로 114,http://www.kicj.re.kr,-,127.02834681855,37.4658841978011
316.0,한국환경공단,준정부기관(위탁집행형),환경부,20100101.0,안병옥,20211231-20241230,인천광역시,"인천광역시 서구 환경로 42(경서동, 종합환경연구단지)",www.keco.or.kr,-,126.638516391271,37.5691818448729
317.0,한국환경보전원,기타공공기관,환경부,20231201.0,신진수,20231113-20261112,서울특별시,서울특별시 성동구 광나루로 320-2,www.keci.or.kr,-,127.064945340147,37.5479055282771
318.0,한국환경산업기술원,준정부기관(위탁집행형),환경부,20090408.0,최흥진,20220913-20250912,서울특별시,서울특별시  은평구 불광동 진흥로 215,www.keiti.re.kr,-,126.934324904596,37.6098717913874
319.0,한국환경연구원,기타공공기관,국무조정실,19930129.0,이창훈,20220128-20250127,세종특별자치시,세종특별자치시 시청대로 370 세종국책연구단지 B동 8층~11층,https://www.kei.re.kr,-,127.304482409755,36.4959005735933
320.0,한식진흥원,기타공공기관,농림축산식품부,20100310.0,임경숙,20210806-20240805,서울특별시,서울특별시 종로구 북촌로18,http://www.hansik.or.kr,-,126.985838684851,37.5784106376538
321.0,한전KDN,공기업(준시장형),산업통상자원부,19920123.0,김장현,20210403-20240325,전라남도,전라남도 나주시 빛가람로 661 한전KDN,https://www.kdn.com,-,126.782115725548,35.0228178377698
322.0,한전KPS(주),공기업(준시장형),산업통상자원부,19840401.0, 김홍연,20210625-20240624,전라남도,전라남도 나주시 문화로 211(빛가람동 377),www.kps.co.kr,-,126.783250721752,35.0176975179306
323.0,한전MCS(주),기타공공기관,산업통상자원부,20190325.0,정성진,20230201-20260131,전라남도,"전라남도 나주시 상야1길 7, 506호 (빛가람동)",https://www.kepcomcs.co.kr,-,126.785873020836,35.0226404638386
324.0,한전원자력연료주식회사,기타공공기관,산업통상자원부,19821111.0,최익수,20210317-20240316,대전광역시,대전광역시 유성구 대덕대로 989번길 242(덕진동),www.knfc.co.kr,-,127.375124652151,36.426726247562
325.0,항공안전기술원,기타공공기관,국토교통부,20130419.0,이대성,20210916-20240915,인천광역시,인천광역시 서구 로봇랜드로 155-11 로봇타워,www.kiast.or.kr,-,126.610873870713,37.5195650696991
326.0,해양수산과학기술진흥원,기타공공기관,해양수산부,20051116.0,오운열,20211101-20241031,서울특별시,서울특별시 서초구 마방로 60 동원에프앤비 빌딩 8~10층,https://www.kimst.re.kr,-,127.043741743515,37.4771795240907
327.0,해양환경공단,공기업(준시장형),해양수산부,20080121.0,한기준,20210326-20240325,서울특별시,서울특별시 송파구 송파대로28길 28(가락동),www.koem.or.kr,-,127.121013801741,37.4945424916729
328.0,국가수리과학연구소,기타공공기관,과학기술정보통신부,20051001.0, 공석,-,대전광역시,대전광역시 유성구 유성대로 1689번길 70,http://www.nims.re.kr,기초과학연구원,127.400296818091,36.4031739467613
329.0,소프트웨어정책연구소,기타공공기관,과학기술정보통신부,20140331.0,김형철,20230101-20251231,경기도,경기도 성남시 분당구 대왕판교로 712번길 22 글로벌 R&D센터 연구동(B) 4층,https://www.spri.kr/,정보통신산업진흥원,127.101823295514,37.4064677978574
330.0,정보통신기획평가원,준정부기관(위탁집행형),과학기술정보통신부,20140401.0,전성배,20210101-20231231,대전광역시,대전광역시 유성구 유성대로 1548,http://www.iitp.kr,한국연구재단,127.383753275914,36.4063981948197
331.0,극지연구소,기타공공기관,해양수산부,20040416.0,신형철,20231214-20261213,인천광역시,인천광역시 연수구 송도미래로26 극지연구소,http://www.kopri.re.kr,한국해양과학기술원,126.646653702662,37.3680575179689
332.0,선박해양플랜트연구소,기타공공기관,해양수산부,20131028.0,홍기용,20221121-20251120,대전광역시,대전광역시  유성구 유성대로 1312번길 32,www.kriso.re.kr,한국해양과학기술원,127.365114305665,36.3983817215268
333.0,국가과학기술인력개발원,기타공공기관,과학기술정보통신부,20071101.0,배태민,20230816-20260815,충청북도,충청북도 청주시 청원구 오창읍 양청4길 45,www.kird.re.kr,한국과학기술기획평가원,127.438273761673,36.7273670989952
334.0,KDI국제정책대학원,기타공공기관,국무조정실,19971205.0,유종일,20210913-20240912,세종특별자치시,세종특별자치시 남세종로 263,www.kdischool.ac.kr,한국개발연구원,127.309690998723,36.4810968523362
335.0,동남권원자력의학원,기타공공기관,과학기술정보통신부,20100716.0,이창훈,20231117-20251116,부산광역시,부산광역시 기장군 장안읍 좌동길 40,www.dirams.re.kr,한국원자력의학원,129.2443306989,35.3218426986741
336.0,분당서울대학교병원,기타공공기관,교육부,20030415.0,김영태,20230306-20260305,경기도,경기도 성남시 분당구 구미로173번길 82(구미동),www.snubh.org,서울대학교병원,127.124485012105,37.3520254308069
337.0,국민건강보험공단 일산병원,준정부기관(위탁집행형),보건복지부,20000303.0,한창훈,20240328-20270327,경기도,경기도 고양시 일산동구 일산로 100,https://www.nhimc.or.kr/,국민건강보험공단,126.793040196618,37.6454753592134
338.0,서울요양원,준정부기관(위탁집행형),보건복지부,20141111.0,고치범,20240101-20261231,서울특별시,서울특별시  강남구 헌릉로590길 50(세곡동 520번지),www.서울요양원.kr,국민건강보험공단,127.104020538506,37.4613703663442
339.0,육아정책연구소,기타공공기관,국무조정실,20050930.0,황옥경,20240509-20270508,서울특별시,서울특별시 중구 소공로 70 9층,"
www.kicce.re.kr  
",경제인문사회연구회,126.982169090151,37.5615987374058
